d1,d2,p,mask,detectors,S,p_equal,p_above,p_below,shots,profiling_shots,tag
3,13,0.001,Handmade region,335,1.7014632807884142,0.567145,0.062545,0.37031,200000,,partial_l1-16_t1-14_ts1-5_wc15
3,13,0.001,Q_exp,336,2.00902952537512,0.597515,0.00614,0.396345,200000,2000000,partial_qexp336_wc15
3,13,0.001,Q_exp + closure,328,1.165161544070645,0.739005,0.005965,0.25503,200000,2000000,partial_qexp234_cl_wc15
3,15,0.001,Handmade region,335,2.138627056868109,0.500645,0.165645,0.33371,200000,,partial_l1-22_t1-19_ts1-4_wc15
3,15,0.001,Q_exp,336,2.3057076261165173,0.566155,0.006965,0.42688,200000,2000000,partial_qexp336_wc15
3,15,0.001,Q_exp + closure,336,1.1783173265217792,0.73408,0.006335,0.259585,200000,2000000,partial_qexp250_cl_wc15
3,17,0.001,Handmade region,336,1.8011859743281733,0.502205,0.033855,0.46394,200000,,partial_l1-13_t1-13_ts1-6_wc15
3,17,0.001,Q_exp,336,2.4482570007881197,0.562095,0.007,0.430905,200000,2000000,partial_qexp336_wc15
3,17,0.001,Q_exp + closure,335,1.0173585038679267,0.75871,0.006885,0.234405,200000,2000000,partial_qexp227_cl_wc15
