panel,circuit,d1,d2,p,variant,th,tc,gate_us,control_us,gap_decode_us,total_us,LER,reduction
a,end2end_d1=3_d2=11_r1=3_r2=0_p=0.001_inj=unitary_b=Y,3,11,0.001,Complete,,33.54,11.455,1.185,4.688,17.327,7.34e-05,0.0658
a,end2end_d1=3_d2=11_r1=3_r2=0_p=0.001_inj=unitary_b=Y,3,11,0.001,Two-stage,43,35.00,11.569,1.200,3.419,16.188,7.70e-05,0.0658
a,end2end_d1=3_d2=13_r1=3_r2=0_p=0.001_inj=unitary_b=Y,3,13,0.001,Complete,,33.47,11.462,1.216,9.020,21.699,7.21e-05,0.1332
a,end2end_d1=3_d2=13_r1=3_r2=0_p=0.001_inj=unitary_b=Y,3,13,0.001,Two-stage,40,35.00,11.582,1.232,5.993,18.807,6.40e-05,0.1332
a,end2end_d1=3_d2=15_r1=3_r2=0_p=0.001_inj=unitary_b=Y,3,15,0.001,Complete,,33.72,11.483,1.232,19.180,31.895,7.06e-05,0.2295
a,end2end_d1=3_d2=15_r1=3_r2=0_p=0.001_inj=unitary_b=Y,3,15,0.001,Two-stage,43,35.00,11.585,1.246,11.745,24.576,7.90e-05,0.2295
a,end2end_d1=3_d2=17_r1=3_r2=0_p=0.001_inj=unitary_b=Y,3,17,0.001,Complete,,33.36,11.442,1.199,24.214,36.856,7.33e-05,0.3113
a,end2end_d1=3_d2=17_r1=3_r2=0_p=0.001_inj=unitary_b=Y,3,17,0.001,Two-stage,37,35.00,11.571,1.217,12.594,25.382,6.40e-05,0.3113
a,end2end_d1=3_d2=19_r1=3_r2=0_p=0.001_inj=unitary_b=Y,3,19,0.001,Complete,,33.78,11.473,1.217,30.444,43.133,6.91e-05,0.3607
a,end2end_d1=3_d2=19_r1=3_r2=0_p=0.001_inj=unitary_b=Y,3,19,0.001,Two-stage,36,35.00,11.569,1.230,14.777,27.576,6.60e-05,0.3607
a,end2end_d1=3_d2=21_r1=3_r2=0_p=0.001_inj=unitary_b=Y,3,21,0.001,Complete,,33.28,11.438,1.212,36.963,49.613,7.06e-05,0.3932
a,end2end_d1=3_d2=21_r1=3_r2=0_p=0.001_inj=unitary_b=Y,3,21,0.001,Two-stage,41,35.00,11.575,1.231,17.299,30.105,7.10e-05,0.3932
b,end2end_d1=3_d2=15_r1=3_r2=0_p=0.0005_inj=unitary_b=Y,3,15,0.0005,Complete,,32.54,9.278,0.743,10.003,20.023,1.85e-05,0.2241
b,end2end_d1=3_d2=15_r1=3_r2=0_p=0.0005_inj=unitary_b=Y,3,15,0.0005,Two-stage,70,35.00,9.310,0.747,5.481,15.537,1.70e-05,0.2241
b,end2end_d1=3_d2=15_r1=3_r2=0_p=0.0007_inj=unitary_b=Y,3,15,0.0007,Complete,,31.56,10.017,0.908,13.796,24.722,3.63e-05,0.2563
b,end2end_d1=3_d2=15_r1=3_r2=0_p=0.0007_inj=unitary_b=Y,3,15,0.0007,Two-stage,51,35.00,10.059,0.914,7.412,18.385,2.80e-05,0.2563
b,end2end_d1=3_d2=15_r1=3_r2=0_p=0.0009_inj=unitary_b=Y,3,15,0.0009,Complete,,31.12,10.872,1.103,17.109,29.083,6.86e-05,0.2576
b,end2end_d1=3_d2=15_r1=3_r2=0_p=0.0009_inj=unitary_b=Y,3,15,0.0009,Two-stage,35,35.00,10.967,1.116,9.510,21.592,8.00e-05,0.2576
b,end2end_d1=3_d2=15_r1=3_r2=0_p=0.001_inj=unitary_b=Y,3,15,0.001,Complete,,33.72,11.483,1.232,19.180,31.895,7.06e-05,0.2295
b,end2end_d1=3_d2=15_r1=3_r2=0_p=0.001_inj=unitary_b=Y,3,15,0.001,Two-stage,43,35.00,11.585,1.246,11.745,24.576,7.90e-05,0.2295
b,end2end_d1=3_d2=15_r1=3_r2=0_p=0.0015_inj=unitary_b=Y,3,15,0.0015,Complete,,32.99,14.990,2.031,31.566,48.588,1.82e-04,0.1411
b,end2end_d1=3_d2=15_r1=3_r2=0_p=0.0015_inj=unitary_b=Y,3,15,0.0015,Two-stage,39,35.00,15.482,2.110,24.139,41.731,1.74e-04,0.1411
