accept_estimator,accept_of_postselected,control_us,decode_us,epochs,errors,errors_eval,errors_select,gate_us,ler,ler_estimator,ler_eval,ler_plotted,ler_select,n_accepted,n_eval,n_select,panel,series,tc,th,tl,total_us
0.26317797937210996,0.48977963,2.6522343939920643,36.3173973104715,1000000,75,51,24,21.740699043,1.5313009240502714e-06,2e-06,2.082341584128703e-06,2.082341584128703e-06,9.80139754860513e-07,48977963,24491659,24486304,a,complete_d1=3,67.0,,,60.71033074700846
0.28419796775717215,0.52880991,2.4296514375963394,33.62719803095748,1000000,90,57,33,20.131994621999997,1.7019348219098239e-06,2e-06,2.155601039998085e-06,2.155601039998085e-06,1.2481915406655131e-06,52880991,26442741,26438250,a,complete_d1=3,65.0,,,56.18884409012808
0.3239332231096553,0.60233211,2.0878033644047904,29.50064557773242,1000000,123,70,53,17.662280326,2.042062808174049e-06,2e-06,2.324203088865905e-06,2.324203088865905e-06,1.7598992089120234e-06,60233211,30117850,30115361,a,complete_d1=3,60.0,,,49.250729267774894
0.35560486609698766,0.66086183,1.8700393940057944,26.876460626313033,1000000,204,115,89,16.090038185,3.0868782359544054e-06,2e-06,3.480104364395857e-06,3.480104364395857e-06,2.6936070142979385e-06,66086183,33044986,33041197,a,complete_d1=3,55.0,,,44.836538205030344
0.38322472106030614,0.71215779,1.7095142090067774,24.944928970561772,1000000,327,167,160,14.932800719000001,4.591679043488382e-06,5e-06,4.689826132699725e-06,4.689826132699725e-06,4.493525854329497e-06,71215779,35608996,35606783,a,complete_d1=3,50.0,,,41.58724389835564
0.4377137684616725,0.81318506,1.4522400452090098,21.836218736903326,1000000,1373,685,688,13.073260714,1.68842255906669e-05,1.9e-05,1.684680699146917e-05,1.684680699146917e-05,1.6921646529333403e-05,81318506,40660524,40657982,a,complete_d1=3,45.0,,,36.36171949608849
0.4752596462262245,0.8827944,1.3092921162106257,20.112513253919044,1000000,2961,1486,1475,12.040789161000001,3.354121865748129e-05,3.3e-05,3.366565823747456e-05,3.366565823747456e-05,3.341677785957903e-05,88279440,44139936,44139504,a,complete_d1=3,40.0,,,33.462594531218066
0.4937632760600851,0.91719636,1.2468418188114372,19.357041590097072,1000000,5303,2649,2654,11.589470852,5.78174994065611e-05,6.2e-05,5.77624942302922e-05,5.77624942302922e-05,5.787250551838544e-05,91719636,45860208,45859428,a,complete_d1=3,35.0,,,32.19335426100963
0.5053261374891355,0.93869338,1.2101376880119525,18.91496930906015,1000000,9140,4558,4582,11.324757829,9.736938807430388e-05,9.6e-05,9.71137859517558e-05,9.71137859517558e-05,9.762498981563833e-05,93869338,46934634,46934704,a,complete_d1=3,30.0,,,31.44986482618062
0.26317797937210996,0.48977963,2.6522343939920643,36.3173973104715,1000000,75,51,24,21.740699043,1.5313009240502714e-06,2e-06,2.082341584128703e-06,2.082341584128703e-06,9.80139754860513e-07,48977963,24491659,24486304,a,two-stage_d1=3,67.0,69,0.0,60.71033074700846
0.28419796775717215,0.52880991,2.4296514375963394,33.62719803095748,1000000,90,57,33,20.131994621999997,1.7019348219098239e-06,2e-06,2.155601039998085e-06,2.155601039998085e-06,1.2481915406655131e-06,52880991,26442741,26438250,a,two-stage_d1=3,65.0,69,0.0,56.18884409012808
0.3239332231096553,0.60233211,2.0878033644047904,29.50064557773242,1000000,123,70,53,17.662280326,2.042062808174049e-06,2e-06,2.324203088865905e-06,2.324203088865905e-06,1.7598992089120234e-06,60233211,30117850,30115361,a,two-stage_d1=3,60.0,69,0.0,49.250729267774894
0.35560486609698766,0.66086183,1.8700393940057944,26.876460626313033,1000000,204,115,89,16.090038185,3.0868782359544054e-06,2e-06,3.480104364395857e-06,3.480104364395857e-06,2.6936070142979385e-06,66086183,33044986,33041197,a,two-stage_d1=3,55.0,69,0.0,44.836538205030344
0.38322472106030614,0.71215779,1.7095142090067774,24.944928970561772,1000000,327,167,160,14.932800719000001,4.591679043488382e-06,5e-06,4.689826132699725e-06,4.689826132699725e-06,4.493525854329497e-06,71215779,35608996,35606783,a,two-stage_d1=3,50.0,69,0.0,41.58724389835564
0.3558859442490433,0.66139455,1.8682805686058008,21.81492765016305,1000000,411,208,203,16.077251916999998,6.214142526575098e-06,7e-06,6.289382533519914e-06,6.289382533519914e-06,6.1388939575925205e-06,66139455,33071609,33067846,a,two-stage_d1=3,55.0,68,0.0,39.76046013547198
0.35596486769141833,0.66155532,1.8677872384058043,21.062249164462866,1000000,473,235,238,16.07366215,7.1498177960385835e-06,9e-06,7.104087395631887e-06,7.104087395631887e-06,7.195553123982645e-06,66155532,33079548,33075984,a,two-stage_d1=3,55.0,65.0,0.0,39.00369855258553
0.38340426951326445,0.71246875,1.7085461162067859,20.254400698102195,1000000,533,260,273,14.925860371,7.481029869731128e-06,1e-05,7.298331247788395e-06,7.298331247788395e-06,7.663740231433164e-06,71246875,35624582,35622293,a,two-stage_d1=3,50.0,68,0.0,36.88880718510708
0.3834551378578739,0.71256197,1.7082720158067877,19.55744095190549,1000000,595,287,308,14.923912324000002,8.350150934942543e-06,1.2e-05,8.055194529720201e-06,8.055194529720201e-06,8.645125297337577e-06,71256197,35629183,35627014,a,two-stage_d1=3,50.0,65.0,0.0,36.18962529152733
0.3835747169026802,0.7127739,1.707628179606792,18.510917242678786,1000000,722,360,362,14.919160739999999,1.0129439363590614e-05,1.5e-05,1.0101057148582679e-05,1.0101057148582679e-05,1.0157823392827498e-05,71277390,35639834,35637556,a,two-stage_d1=3,50.0,60.0,0.0,35.13770616213723
0.3837073264693209,0.71303443,1.7069146522068002,17.664833825314727,1000000,850,433,417,14.913953986000001,1.1920882978960777e-05,1.5e-05,1.2144903224474611e-05,1.2144903224474611e-05,1.1696848978280243e-05,71303443,35652816,35650627,a,two-stage_d1=3,50.0,55.0,0.0,34.285702463412136
0.38390825514081944,0.7133827,1.705834248606809,16.769274046586165,1000000,1057,539,518,14.906225778,1.4816731608434015e-05,2.1e-05,1.5110592859204794e-05,1.5110592859204794e-05,1.4522850485656175e-05,71338270,35670341,35667929,a,two-stage_d1=3,50.0,50.0,0.0,33.38133407309776
0.43781686995963326,0.81337143,1.4518140040090173,17.735404580375455,1000000,1579,778,801,13.070172122,1.9413025116950568e-05,2.3e-05,1.912964445269079e-05,1.912964445269079e-05,1.9696423766319662e-05,81337143,40669862,40667281,a,two-stage_d1=3,45.0,68,0.0,32.25739070634815
0.4378415985421626,0.81342688,1.4517118794090174,17.127204607984403,1000000,1640,805,835,13.069401564,2.0161615509927578e-05,2.4e-05,1.979220690581324e-05,1.979220690581324e-05,2.0531046458340393e-05,81342688,40672574,40670114,a,two-stage_d1=3,45.0,65.0,0.0,31.64831805136614
0.43790333634172923,0.81354968,1.4514569366090195,16.21245951535748,1000000,1767,878,889,13.067529307000001,2.171963241384349e-05,2.7e-05,2.1583723139142594e-05,2.1583723139142594e-05,2.1855550496081662e-05,81354968,40678802,40676166,a,two-stage_d1=3,45.0,60.0,0.0,30.73144575891511
0.43798177995795373,0.81369905,1.4511328500090233,15.474027971872522,1000000,1892,950,942,13.065256039,2.3251839854059065e-05,2.7e-05,2.334942026461775e-05,2.334942026461775e-05,2.3154253291308282e-05,81369905,40686235,40683670,a,two-stage_d1=3,45.0,55.0,0.0,29.99041686080709
0.4380972908939726,0.81390711,1.4506560652090272,14.694377109010464,1000000,2099,1056,1043,13.061816731999999,2.578918373129828e-05,3e-05,2.5948096386464656e-05,2.5948096386464656e-05,2.5630261145575854e-05,81390711,40696627,40694084,a,two-stage_d1=3,45.0,50.0,0.0,29.206849906118514
0.43828104421335345,0.81424924,1.449898143409037,13.70387795423838,1000000,2395,1200,1195,13.056299509,2.941359822454363e-05,3.6e-05,2.9474168310813555e-05,2.9474168310813555e-05,2.9353024701466843e-05,81424924,40713617,40711307,a,two-stage_d1=3,45.0,45.0,0.0,28.21007560650567
0.475427302173511,0.88308751,1.3087041954106364,14.256955838206109,1000000,3477,1749,1728,12.036664807,3.937322134699878e-05,4.1e-05,3.961084081449401e-05,3.961084081449401e-05,3.913559968919811e-05,88308751,44154579,44154172,a,two-stage_d1=3,40.0,55.0,0.0,27.602324840549844
0.4754926341436045,0.8832011,1.3084753468106398,13.540612935535126,1000000,3682,1855,1827,12.034989567,4.1689259671438364e-05,4.4e-05,4.2006118944164086e-05,4.2006118944164086e-05,4.1372397844314645e-05,88320110,44160233,44159877,a,two-stage_d1=3,40.0,50.0,0.0,26.884077849250808
0.47560321945331313,0.8834016,1.308087958210645,12.631507809299338,1000000,3976,1997,1979,12.03222002,4.500784241278259e-05,4.9e-05,4.521144159636008e-05,4.521144159636008e-05,4.4804241800274736e-05,88340160,44170235,44169925,a,two-stage_d1=3,40.0,45.0,0.0,25.971815787373657
0.47577292880581473,0.88371715,1.3074939182106553,11.593354555489746,1000000,4527,2267,2260,12.027996614,5.122679807673756e-05,5.3e-05,5.13058852806742e-05,5.13058852806742e-05,5.114771049155643e-05,88371715,44185964,44185751,a,two-stage_d1=3,40.0,40.0,0.0,24.92884508750598
0.49406064989726006,0.91776352,1.245876258211454,11.161921131073766,1000000,6848,3418,3430,11.582592899,7.46161712768884e-05,8.2e-05,7.448503719163428e-05,7.448503719163428e-05,7.474730670526272e-05,91776352,45888411,45887941,a,two-stage_d1=3,35.0,40.0,0.0,23.9903902880958
0.49420104493868944,0.91799374,1.2454207932114623,10.61494246642634,1000000,7493,3746,3747,11.579325056,8.162365028763704e-05,8.6e-05,8.161238890878485e-05,8.161238890878485e-05,8.163491176806361e-05,91799374,45899894,45899480,a,two-stage_d1=3,35.0,35.0,0.0,23.43968831541071
0.5056097400660327,0.93918533,1.2092586640119654,10.374721341567339,1000000,11270,5626,5644,11.31832511,0.0001199976153801295,0.00012,0.00011980641021791522,0.00011980641021791522,0.00012018881910503069,93918533,46959090,46959443,a,two-stage_d1=3,30.0,35.0,0.0,22.902305115355706
0.5057048564860188,0.93937584,1.2089641012119703,9.778688445676574,1000000,12177,6070,6107,11.316121734000001,0.00012962862659955147,0.000128,0.00012923514701200568,0.00012923514701200568,0.0001300221037576388,93937584,46968647,46968937,a,two-stage_d1=3,30.0,30.0,0.0,22.30377428061745
0.03130102458269787,0.602825773,24.099244040557277,44.46977634789527,1000000,48,27,21,176.928054495,7.962499639178499e-08,0.0,8.957192145585503e-08,8.957192145585503e-08,6.967669433190875e-08,602825773,301433748,301392025,a,complete_d1=5,85.0,,,245.49707488117159
0.03492323453969361,0.672007487,21.56262929259484,39.87087097191214,1000000,66,36,30,158.58199695,9.821319148487403e-08,0.0,1.071350334157294e-07,1.071350334157294e-07,8.929024523417036e-08,672007487,336024537,335982950,a,complete_d1=5,80.0,,,220.0154972128341
0.0390473493234051,0.751086114,19.24752342363767,35.65175813825028,1000000,101,58,43,141.831563445,1.3447193087103193e-07,0.0,1.544376023438686e-07,1.544376023438686e-07,1.1450486122133314e-07,751086114,375556206,375529908,a,complete_d1=5,75.0,,,196.73084500615357
0.04341935213550485,0.835672734,17.273433515683557,32.04673172178034,1000000,246,136,110,127.538921864,2.943736106148941e-07,0.0,3.254879091879926e-07,3.254879091879926e-07,2.63259625687939e-07,835672734,417834261,417838473,a,complete_d1=5,70.0,,,176.85908710172458
0.0455256171509568,0.876722723,16.457746441705584,30.55863451254451,1000000,373,203,170,121.63656940199999,4.2544808092079073e-07,0.0,4.630902092701462e-07,4.630902092701462e-07,3.878062695165929e-07,876722723,438359516,438363207,a,complete_d1=5,67.0,,,168.65295035699887
0.046223361823256474,0.890262536,16.2039079137128,30.090073573425496,1000000,441,238,203,119.79488212300001,4.953594947187579e-07,0.0,5.346711446378474e-07,5.346711446378474e-07,4.560474631015311e-07,890262536,445133429,445129107,a,complete_d1=5,65.0,,,166.08886361105857
0.04777747088715645,0.920545144,15.665214652729043,29.112387942778035,1000000,806,413,393,115.89992907899999,8.755681405234809e-07,3e-06,8.972961945407674e-07,8.972961945407674e-07,8.538401735555948e-07,920545144,460271650,460273494,a,complete_d1=5,60.0,,,160.67753167581216
0.04888183773810832,0.942124031,15.30323262874079,28.449346197323162,1000000,1466,759,707,113.281088478,1.5560583869662486e-06,4e-06,1.611256397682993e-06,1.611256397682993e-06,1.5008606215020952e-06,942124031,471060969,471063062,a,complete_d1=5,55.0,,,157.03366730565514
0.04979693060683187,0.95993789,15.015458632750285,27.931132865962272,1000000,2516,1272,1244,111.201683378,2.621002906760978e-06,6e-06,2.650180593243801e-06,2.650180593243801e-06,2.591825421373362e-06,959937890,479967291,479970599,a,complete_d1=5,50.0,,,154.1482748785488
0.05055305037105939,0.974339284,14.785532671758322,27.51675523393221,1000000,7988,4020,3968,109.53916469,8.198376203417043e-06,9e-06,8.251777834757924e-06,8.251777834757924e-06,8.144974987957989e-06,974339284,487167745,487171539,a,complete_d1=5,45.0,,,151.84145259772745
0.05104085314990203,0.983311904,14.640814271763485,27.259458253174465,1000000,12264,6128,6136,108.49469580600001,1.2472136206336418e-05,1.3e-05,1.2464012680391845e-05,1.2464012680391845e-05,1.2480259716319994e-05,983311904,491655469,491656435,a,complete_d1=5,40.0,,,150.39496833310452
0.051339095599197325,0.98909005,14.553682746766759,27.100715372788137,1000000,24217,12131,12086,107.862904073,2.4484120530784838e-05,2.8e-05,2.452965667339319e-05,2.452965667339319e-05,2.4438584535867493e-05,989090050,494544223,494545827,a,complete_d1=5,35.0,,,149.51730219480572
0.051517682594508805,0.9925612,14.501995675768637,27.008434846814573,1000000,49163,24603,24560,107.489149515,4.9531454584362154e-05,6.2e-05,4.957491220492205e-05,4.957491220492205e-05,4.948799720110718e-05,992561200,496279245,496281955,a,complete_d1=5,30.0,,,148.99958003988306
0.01997630530522526,0.385148956,37.96377513380083,68.3034995286173,1000000,19,11,8,277.226915538,4.9331563032978855e-08,0.0,5.711647496889177e-08,5.711647496889177e-08,4.1545483683946055e-08,385148956,192588916,192560040,a,two-stage_d1=5,95.0,116,0.0,383.49419020116
0.03130102458269787,0.602825773,24.099244040557277,44.46977634789527,1000000,48,27,21,176.928054495,7.962499639178499e-08,0.0,8.957192145585503e-08,8.957192145585503e-08,6.967669433190875e-08,602825773,301433748,301392025,a,two-stage_d1=5,85.0,117,0.0,245.49707488117159
0.03492323453969361,0.672007487,21.56262929259484,39.87087097191214,1000000,66,36,30,158.58199695,9.821319148487403e-08,0.0,1.071350334157294e-07,1.071350334157294e-07,8.929024523417036e-08,672007487,336024537,335982950,a,two-stage_d1=5,80.0,117,0.0,220.0154972128341
0.0390473493234051,0.751086114,19.24752342363767,35.65175813825028,1000000,101,58,43,141.831563445,1.3447193087103193e-07,0.0,1.544376023438686e-07,1.544376023438686e-07,1.1450486122133314e-07,751086114,375556206,375529908,a,two-stage_d1=5,75.0,117,0.0,196.73084500615357
0.04341935213550485,0.835672734,17.273433515683557,32.04673172178034,1000000,246,136,110,127.538921864,2.943736106148941e-07,0.0,3.254879091879926e-07,3.254879091879926e-07,2.63259625687939e-07,835672734,417834261,417838473,a,two-stage_d1=5,70.0,117,0.0,176.85908710172458
0.0455256171509568,0.876722723,16.457746441705584,30.55863451254451,1000000,373,203,170,121.63656940199999,4.2544808092079073e-07,0.0,4.630902092701462e-07,4.630902092701462e-07,3.878062695165929e-07,876722723,438359516,438363207,a,two-stage_d1=5,67.0,117,0.0,168.65295035699887
0.046223361823256474,0.890262536,16.2039079137128,30.090073573425496,1000000,441,238,203,119.79488212300001,4.953594947187579e-07,0.0,5.346711446378474e-07,5.346711446378474e-07,4.560474631015311e-07,890262536,445133429,445129107,a,two-stage_d1=5,65.0,117,0.0,166.08886361105857
0.04622958657481711,0.890387725,16.201677382712866,27.937106744406268,1000000,671,359,312,119.778667543,7.536042795288985e-07,0.0,8.0638658172728e-07,8.0638658172728e-07,7.00821494195227e-07,890387725,445195900,445191825,a,two-stage_d1=5,65.0,95.0,0.0,163.91745167081748
0.04777747088715645,0.920545144,15.665214652729043,29.112387942778035,1000000,806,413,393,115.89992907899999,8.755681405234809e-07,3e-06,8.972961945407674e-07,8.972961945407674e-07,8.538401735555948e-07,920545144,460271650,460273494,a,two-stage_d1=5,60.0,117,0.0,160.67753167581216
0.047781427110818606,0.920621691,15.663888681729086,27.031442329574215,1000000,1036,534,502,115.89044684800001,1.125326515905435e-06,3e-06,1.160088470084689e-06,1.160088470084689e-06,1.0905647315667242e-06,920621691,460309721,460311970,a,two-stage_d1=5,60.0,95.0,0.0,158.58577786041337
0.04778809230652334,0.920759873,15.661654255729168,25.45659791642279,1000000,1388,700,688,115.87404838799999,1.5074505750100167e-06,7e-06,1.5204865899414507e-06,1.5204865899414507e-06,1.494414616681695e-06,920759873,460378937,460380936,a,two-stage_d1=5,60.0,85.0,0.0,156.99230056114402
0.04888491552295518,0.942170386,15.302247519740826,26.416081698576125,1000000,1696,880,816,113.274132122,1.8000990321935252e-06,4e-06,1.8680320044658872e-06,1.8680320044658872e-06,1.7321664022636358e-06,942170386,471084006,471086380,a,two-stage_d1=5,55.0,95.0,0.0,154.9924613417348
0.04979752327038262,0.959949913,15.015275626750295,26.79669008190109,1000000,2593,1317,1276,111.20031348399999,2.7011825980549884e-06,6e-06,2.743902926856457e-06,2.743902926856457e-06,2.6584625733836455e-06,959949913,479973248,479976665,a,two-stage_d1=5,50.0,105.0,0.0,153.0122791943901
0.04980104234577651,0.960010807,15.014189920750344,24.426264537522947,1000000,3096,1558,1538,111.192663591,3.2249636956430638e-06,1e-05,3.2458080904133303e-06,3.2458080904133303e-06,3.204119445956332e-06,960010807,480003733,480007074,a,two-stage_d1=5,50.0,85.0,0.0,150.6331180508522
0.049811056699726595,0.960216626,15.011098407750444,21.76182611498305,1000000,4811,2407,2404,111.170041637,5.0103277424400685e-06,1e-05,5.013468786998351e-06,5.013468786998351e-06,5.007186718869629e-06,960216626,480106709,480109917,a,two-stage_d1=5,50.0,67.0,0.0,147.9429661612269
0.04983903983694261,0.96074896,15.002467999750731,19.965008019347508,1000000,9373,4696,4677,111.107347032,9.7559304149546e-06,1.5e-05,9.77574778074444e-06,9.77574778074444e-06,9.7361132159127e-06,960748960,480372459,480376501,a,two-stage_d1=5,50.0,50.0,0.0,146.07482305260905
0.050572288661566454,0.974699711,14.779774205758487,20.173221542430188,1000000,12954,6513,6441,109.497964618,1.329024709231703e-05,1.6e-05,1.3364170882344749e-05,1.3364170882344749e-05,1.3216323909482918e-05,974699711,487347854,487351857,a,two-stage_d1=5,45.0,55.0,0.0,144.45096036793018
0.05105866569205886,0.983613192,14.635582997763686,19.495142257665822,1000000,18976,9481,9495,108.456717097,1.9292136537347296e-05,2.2e-05,1.9277937480857787e-05,1.9277937480857787e-05,1.9306335543485485e-05,983613192,491805724,491807468,a,two-stage_d1=5,40.0,50.0,0.0,142.5874423543444
0.05135914530986487,0.989430859,14.547862572766975,18.4359609243268,1000000,36535,18298,18237,107.82096289900001,3.6925268367842566e-05,4.7e-05,3.698701054918943e-05,3.698701054918943e-05,3.686352648889367e-05,989430859,494714218,494716641,a,two-stage_d1=5,35.0,40.0,0.0,140.80478639815698
0.0515362677981145,0.992927313,14.496636809768818,17.41400113511054,1000000,70021,35004,35017,107.449961171,7.05197642196393e-05,8.9e-05,7.050691411598998e-05,7.050691411598998e-05,7.053261423489756e-05,992927313,496461949,496465364,a,two-stage_d1=5,30.0,30.0,0.0,139.36059911807752
0.26317797937210996,0.48977963,2.6522343939920643,36.3173973104715,1000000,75,51,24,21.740699043,1.5313009240502714e-06,2e-06,2.082341584128703e-06,2.082341584128703e-06,9.80139754860513e-07,48977963,24491659,24486304,b,complete_p=0.001,67.0,,,60.71033074700846
0.28419796775717215,0.52880991,2.4296514375963394,33.62719803095748,1000000,90,57,33,20.131994621999997,1.7019348219098239e-06,2e-06,2.155601039998085e-06,2.155601039998085e-06,1.2481915406655131e-06,52880991,26442741,26438250,b,complete_p=0.001,65.0,,,56.18884409012808
0.3239332231096553,0.60233211,2.0878033644047904,29.50064557773242,1000000,123,70,53,17.662280326,2.042062808174049e-06,2e-06,2.324203088865905e-06,2.324203088865905e-06,1.7598992089120234e-06,60233211,30117850,30115361,b,complete_p=0.001,60.0,,,49.250729267774894
0.35560486609698766,0.66086183,1.8700393940057944,26.876460626313033,1000000,204,115,89,16.090038185,3.0868782359544054e-06,2e-06,3.480104364395857e-06,3.480104364395857e-06,2.6936070142979385e-06,66086183,33044986,33041197,b,complete_p=0.001,55.0,,,44.836538205030344
0.38322472106030614,0.71215779,1.7095142090067774,24.944928970561772,1000000,327,167,160,14.932800719000001,4.591679043488382e-06,5e-06,4.689826132699725e-06,4.689826132699725e-06,4.493525854329497e-06,71215779,35608996,35606783,b,complete_p=0.001,50.0,,,41.58724389835564
0.4377137684616725,0.81318506,1.4522400452090098,21.836218736903326,1000000,1373,685,688,13.073260714,1.68842255906669e-05,1.9e-05,1.684680699146917e-05,1.684680699146917e-05,1.6921646529333403e-05,81318506,40660524,40657982,b,complete_p=0.001,45.0,,,36.36171949608849
0.4752596462262245,0.8827944,1.3092921162106257,20.112513253919044,1000000,2961,1486,1475,12.040789161000001,3.354121865748129e-05,3.3e-05,3.366565823747456e-05,3.366565823747456e-05,3.341677785957903e-05,88279440,44139936,44139504,b,complete_p=0.001,40.0,,,33.462594531218066
0.4937632760600851,0.91719636,1.2468418188114372,19.357041590097072,1000000,5303,2649,2654,11.589470852,5.78174994065611e-05,6.2e-05,5.77624942302922e-05,5.77624942302922e-05,5.787250551838544e-05,91719636,45860208,45859428,b,complete_p=0.001,35.0,,,32.19335426100963
0.5053261374891355,0.93869338,1.2101376880119525,18.91496930906015,1000000,9140,4558,4582,11.324757829,9.736938807430388e-05,9.6e-05,9.71137859517558e-05,9.71137859517558e-05,9.762498981563833e-05,93869338,46934634,46934704,b,complete_p=0.001,30.0,,,31.44986482618062
0.26317797937210996,0.48977963,2.6522343939920643,36.3173973104715,1000000,75,51,24,21.740699043,1.5313009240502714e-06,2e-06,2.082341584128703e-06,2.082341584128703e-06,9.80139754860513e-07,48977963,24491659,24486304,b,two-stage_K250_p=0.001,67.0,69,0.0,60.71033074700846
0.28419796775717215,0.52880991,2.4296514375963394,33.62719803095748,1000000,90,57,33,20.131994621999997,1.7019348219098239e-06,2e-06,2.155601039998085e-06,2.155601039998085e-06,1.2481915406655131e-06,52880991,26442741,26438250,b,two-stage_K250_p=0.001,65.0,69,0.0,56.18884409012808
0.3239332231096553,0.60233211,2.0878033644047904,29.50064557773242,1000000,123,70,53,17.662280326,2.042062808174049e-06,2e-06,2.324203088865905e-06,2.324203088865905e-06,1.7598992089120234e-06,60233211,30117850,30115361,b,two-stage_K250_p=0.001,60.0,69,0.0,49.250729267774894
0.35560486609698766,0.66086183,1.8700393940057944,26.876460626313033,1000000,204,115,89,16.090038185,3.0868782359544054e-06,2e-06,3.480104364395857e-06,3.480104364395857e-06,2.6936070142979385e-06,66086183,33044986,33041197,b,two-stage_K250_p=0.001,55.0,69,0.0,44.836538205030344
0.38322472106030614,0.71215779,1.7095142090067774,24.944928970561772,1000000,327,167,160,14.932800719000001,4.591679043488382e-06,5e-06,4.689826132699725e-06,4.689826132699725e-06,4.493525854329497e-06,71215779,35608996,35606783,b,two-stage_K250_p=0.001,50.0,69,0.0,41.58724389835564
0.3558859442490433,0.66139455,1.8682805686058008,21.81492765016305,1000000,411,208,203,16.077251916999998,6.214142526575098e-06,7e-06,6.289382533519914e-06,6.289382533519914e-06,6.1388939575925205e-06,66139455,33071609,33067846,b,two-stage_K250_p=0.001,55.0,68,0.0,39.76046013547198
0.35596486769141833,0.66155532,1.8677872384058043,21.062249164462866,1000000,473,235,238,16.07366215,7.1498177960385835e-06,9e-06,7.104087395631887e-06,7.104087395631887e-06,7.195553123982645e-06,66155532,33079548,33075984,b,two-stage_K250_p=0.001,55.0,65.0,0.0,39.00369855258553
0.38340426951326445,0.71246875,1.7085461162067859,20.254400698102195,1000000,533,260,273,14.925860371,7.481029869731128e-06,1e-05,7.298331247788395e-06,7.298331247788395e-06,7.663740231433164e-06,71246875,35624582,35622293,b,two-stage_K250_p=0.001,50.0,68,0.0,36.88880718510708
0.3834551378578739,0.71256197,1.7082720158067877,19.55744095190549,1000000,595,287,308,14.923912324000002,8.350150934942543e-06,1.2e-05,8.055194529720201e-06,8.055194529720201e-06,8.645125297337577e-06,71256197,35629183,35627014,b,two-stage_K250_p=0.001,50.0,65.0,0.0,36.18962529152733
0.3835747169026802,0.7127739,1.707628179606792,18.510917242678786,1000000,722,360,362,14.919160739999999,1.0129439363590614e-05,1.5e-05,1.0101057148582679e-05,1.0101057148582679e-05,1.0157823392827498e-05,71277390,35639834,35637556,b,two-stage_K250_p=0.001,50.0,60.0,0.0,35.13770616213723
0.3837073264693209,0.71303443,1.7069146522068002,17.664833825314727,1000000,850,433,417,14.913953986000001,1.1920882978960777e-05,1.5e-05,1.2144903224474611e-05,1.2144903224474611e-05,1.1696848978280243e-05,71303443,35652816,35650627,b,two-stage_K250_p=0.001,50.0,55.0,0.0,34.285702463412136
0.38390825514081944,0.7133827,1.705834248606809,16.769274046586165,1000000,1057,539,518,14.906225778,1.4816731608434015e-05,2.1e-05,1.5110592859204794e-05,1.5110592859204794e-05,1.4522850485656175e-05,71338270,35670341,35667929,b,two-stage_K250_p=0.001,50.0,50.0,0.0,33.38133407309776
0.43781686995963326,0.81337143,1.4518140040090173,17.735404580375455,1000000,1579,778,801,13.070172122,1.9413025116950568e-05,2.3e-05,1.912964445269079e-05,1.912964445269079e-05,1.9696423766319662e-05,81337143,40669862,40667281,b,two-stage_K250_p=0.001,45.0,68,0.0,32.25739070634815
0.4378415985421626,0.81342688,1.4517118794090174,17.127204607984403,1000000,1640,805,835,13.069401564,2.0161615509927578e-05,2.4e-05,1.979220690581324e-05,1.979220690581324e-05,2.0531046458340393e-05,81342688,40672574,40670114,b,two-stage_K250_p=0.001,45.0,65.0,0.0,31.64831805136614
0.43790333634172923,0.81354968,1.4514569366090195,16.21245951535748,1000000,1767,878,889,13.067529307000001,2.171963241384349e-05,2.7e-05,2.1583723139142594e-05,2.1583723139142594e-05,2.1855550496081662e-05,81354968,40678802,40676166,b,two-stage_K250_p=0.001,45.0,60.0,0.0,30.73144575891511
0.43798177995795373,0.81369905,1.4511328500090233,15.474027971872522,1000000,1892,950,942,13.065256039,2.3251839854059065e-05,2.7e-05,2.334942026461775e-05,2.334942026461775e-05,2.3154253291308282e-05,81369905,40686235,40683670,b,two-stage_K250_p=0.001,45.0,55.0,0.0,29.99041686080709
0.4380972908939726,0.81390711,1.4506560652090272,14.694377109010464,1000000,2099,1056,1043,13.061816731999999,2.578918373129828e-05,3e-05,2.5948096386464656e-05,2.5948096386464656e-05,2.5630261145575854e-05,81390711,40696627,40694084,b,two-stage_K250_p=0.001,45.0,50.0,0.0,29.206849906118514
0.43828104421335345,0.81424924,1.449898143409037,13.70387795423838,1000000,2395,1200,1195,13.056299509,2.941359822454363e-05,3.6e-05,2.9474168310813555e-05,2.9474168310813555e-05,2.9353024701466843e-05,81424924,40713617,40711307,b,two-stage_K250_p=0.001,45.0,45.0,0.0,28.21007560650567
0.475427302173511,0.88308751,1.3087041954106364,14.256955838206109,1000000,3477,1749,1728,12.036664807,3.937322134699878e-05,4.1e-05,3.961084081449401e-05,3.961084081449401e-05,3.913559968919811e-05,88308751,44154579,44154172,b,two-stage_K250_p=0.001,40.0,55.0,0.0,27.602324840549844
0.4754926341436045,0.8832011,1.3084753468106398,13.540612935535126,1000000,3682,1855,1827,12.034989567,4.1689259671438364e-05,4.4e-05,4.2006118944164086e-05,4.2006118944164086e-05,4.1372397844314645e-05,88320110,44160233,44159877,b,two-stage_K250_p=0.001,40.0,50.0,0.0,26.884077849250808
0.47560321945331313,0.8834016,1.308087958210645,12.631507809299338,1000000,3976,1997,1979,12.03222002,4.500784241278259e-05,4.9e-05,4.521144159636008e-05,4.521144159636008e-05,4.4804241800274736e-05,88340160,44170235,44169925,b,two-stage_K250_p=0.001,40.0,45.0,0.0,25.971815787373657
0.47577292880581473,0.88371715,1.3074939182106553,11.593354555489746,1000000,4527,2267,2260,12.027996614,5.122679807673756e-05,5.3e-05,5.13058852806742e-05,5.13058852806742e-05,5.114771049155643e-05,88371715,44185964,44185751,b,two-stage_K250_p=0.001,40.0,40.0,0.0,24.92884508750598
0.49406064989726006,0.91776352,1.245876258211454,11.161921131073766,1000000,6848,3418,3430,11.582592899,7.46161712768884e-05,8.2e-05,7.448503719163428e-05,7.448503719163428e-05,7.474730670526272e-05,91776352,45888411,45887941,b,two-stage_K250_p=0.001,35.0,40.0,0.0,23.9903902880958
0.49420104493868944,0.91799374,1.2454207932114623,10.61494246642634,1000000,7493,3746,3747,11.579325056,8.162365028763704e-05,8.6e-05,8.161238890878485e-05,8.161238890878485e-05,8.163491176806361e-05,91799374,45899894,45899480,b,two-stage_K250_p=0.001,35.0,35.0,0.0,23.43968831541071
0.5056097400660327,0.93918533,1.2092586640119654,10.374721341567339,1000000,11270,5626,5644,11.31832511,0.0001199976153801295,0.00012,0.00011980641021791522,0.00011980641021791522,0.00012018881910503069,93918533,46959090,46959443,b,two-stage_K250_p=0.001,30.0,35.0,0.0,22.902305115355706
0.5057048564860188,0.93937584,1.2089641012119703,9.778688445676574,1000000,12177,6070,6107,11.316121734000001,0.00012962862659955147,0.000128,0.00012923514701200568,0.00012923514701200568,0.0001300221037576388,93937584,46968647,46968937,b,two-stage_K250_p=0.001,30.0,30.0,0.0,22.30377428061745
0.26316696707175957,0.48977963,2.6523605305923494,36.318551407116466,1000000,75,51,24,21.741540338,1.5313009240502714e-06,2e-06,2.082341584128703e-06,2.082341584128703e-06,9.80139754860513e-07,48977963,24491659,24486304,b,two-stage_K350_p=0.001,67.0,69,0.0,60.712452275256524
0.2842014408444648,0.52880991,2.4296165893963426,33.62819232960543,1000000,90,57,33,20.131978918,1.7019348219098239e-06,2e-06,2.155601039998085e-06,2.155601039998085e-06,1.2481915406655131e-06,52880991,26442741,26438250,b,two-stage_K350_p=0.001,65.0,69,0.0,56.18978783657868
0.32395221704798544,0.60233211,2.0876592550046857,29.50025496040642,1000000,123,70,53,17.661667095000002,2.042062808174049e-06,2e-06,2.324203088865905e-06,2.324203088865905e-06,1.7598992089120234e-06,60233211,30117850,30115361,b,two-stage_K350_p=0.001,60.0,69,0.0,49.24958131005272
0.3241235779483172,0.60266519,2.0863668682046907,25.376344201129733,1000000,176,97,79,17.652274658,2.9203611378317702e-06,5e-06,3.218902670770004e-06,3.218902670770004e-06,2.6217951623963153e-06,60266519,30134493,30132026,b,two-stage_K350_p=0.001,60.0,68,0.0,45.114985727240295
0.32416875836558,0.60276527,2.086026496204694,24.804670765510004,1000000,190,103,87,17.649709564000002,3.1521391403323554e-06,6e-06,3.417447329422513e-06,3.417447329422513e-06,2.8868099727803683e-06,60276527,30139455,30137072,b,two-stage_K350_p=0.001,60.0,65.0,0.0,44.54040682565921
0.35567594791196877,0.66105103,1.8695948852057938,23.12508359952794,1000000,257,142,115,16.086586449000002,3.887748272625791e-06,5e-06,4.295941218938833e-06,4.295941218938833e-06,3.4795082831510077e-06,66105103,33054456,33050647,b,two-stage_K350_p=0.001,55.0,68,0.0,41.081264933722
0.35570264255050177,0.66111137,1.869427853805795,22.60603925034975,1000000,271,148,123,16.085364139,4.0991580586490294e-06,6e-06,4.477055830005464e-06,4.477055830005464e-06,3.72121751702336e-06,66111137,33057439,33053698,b,two-stage_K350_p=0.001,55.0,65.0,0.0,40.56083124318452
0.35578945945263213,0.66123222,1.8688845374058005,21.76037643157175,1000000,302,159,143,16.081481066000002,4.567230556308947e-06,1e-05,4.808933946751672e-06,4.808933946751672e-06,4.325500114776994e-06,66123222,33063461,33059761,b,two-stage_K350_p=0.001,55.0,60.0,0.0,39.71074203507369
0.3558753055634342,0.66138062,1.8683475302058015,21.08487115112886,1000000,345,179,166,16.077573643,5.216360890647204e-06,1e-05,5.4126135061337915e-06,5.4126135061337915e-06,5.02008609024264e-06,66138062,33070900,33067162,b,two-stage_K350_p=0.001,55.0,55.0,0.0,39.030792324484715
0.3832778921862286,0.71226305,1.709227500206854,21.466028743628556,1000000,380,194,186,14.930624504999999,5.335107584199405e-06,8e-06,5.4472525686603725e-06,5.4472525686603725e-06,5.222955473377936e-06,71226305,35614284,35612021,b,two-stage_K350_p=0.001,50.0,68,0.0,38.10588074891309
0.38329684347383464,0.71229661,1.7091253856068553,20.984665829857693,1000000,394,200,194,14.929862465,5.5314035539211676e-06,9e-06,5.615460666000374e-06,5.615460666000374e-06,5.447341128927754e-06,71229661,35615956,35613705,b,two-stage_K350_p=0.001,50.0,65.0,0.0,37.6236536805851
0.3833470954940616,0.71236675,1.708854364806858,20.201419748073356,1000000,425,211,214,14.927952256000001,5.966028032611011e-06,1.3e-05,5.9237341962632524e-06,5.9237341962632524e-06,6.0083244492956516e-06,71236675,35619424,35617251,b,two-stage_K350_p=0.001,50.0,60.0,0.0,36.83822636907257
0.3833923629774864,0.71244961,1.708610615606862,19.57635747135085,1000000,468,231,237,14.92609914,6.568885622661791e-06,1.3e-05,6.484472271470214e-06,6.484472271470214e-06,6.653304099594741e-06,71244961,35623562,35621399,b,two-stage_K350_p=0.001,50.0,55.0,0.0,36.211067227207884
0.3834589608799003,0.71256599,1.7082517534068624,18.999062677459428,1000000,524,268,256,14.923536205,7.353704882827765e-06,1.3e-05,7.521864699448319e-06,7.521864699448319e-06,7.185534082784538e-06,71256599,35629463,35627136,b,two-stage_K350_p=0.001,50.0,50.0,0.0,35.63085063616956
0.43775381513393735,0.81324668,1.4520743886090257,18.791920540346453,1000000,1426,712,714,13.072200391,1.753465504464156e-05,2e-05,1.7509513666372154e-05,1.7509513666372154e-05,1.7559797998379777e-05,81324668,40663608,40661060,b,two-stage_K350_p=0.001,45.0,68,0.0,33.31619532018972
0.43776550477864823,0.81326673,1.4520260872090256,18.371625347663542,1000000,1439,718,721,13.071844187,1.7694071906765448e-05,2.1e-05,1.7656627193694528e-05,1.7656627193694528e-05,1.773151898004171e-05,81326673,40664618,40662055,b,two-stage_K350_p=0.001,45.0,65.0,0.0,32.89549562212519
0.43778543610434,0.81330724,1.4519437876090262,17.685680987692486,1000000,1470,729,741,13.071209591,1.8074350352518688e-05,2.5e-05,1.792625845469603e-05,1.792625845469603e-05,1.822245127480064e-05,81330724,40666601,40664123,b,two-stage_K350_p=0.001,45.0,60.0,0.0,32.20883436658032
0.4378162949095537,0.81335592,1.451816376209027,17.138916659966952,1000000,1513,749,764,13.070222230999999,1.8601942431303627e-05,2.5e-05,1.8416961583939347e-05,1.8416961583939347e-05,1.8786934523106946e-05,81335592,40669032,40666560,b,two-stage_K350_p=0.001,45.0,55.0,0.0,31.66095526747227
0.4378454326810458,0.81342247,1.4516960514090282,16.63611855876386,1000000,1569,786,783,13.06934463,1.92888696571168e-05,2.5e-05,1.9325152876465412e-05,1.9325152876465412e-05,1.9252584192251436e-05,81342247,40672382,40669865,b,two-stage_K350_p=0.001,45.0,50.0,0.0,31.157159240482507
0.43791004802121586,0.81354496,1.4514290876090303,15.933792617107898,1000000,1688,846,842,13.067449508,2.0748699617043906e-05,2.7e-05,2.079722192381186e-05,2.079722192381186e-05,2.0700174299401127e-05,81354496,40678510,40675986,b,two-stage_K350_p=0.001,45.0,45.0,0.0,30.452671213041278
0.4753285470917498,0.88286843,1.3090498692107382,16.29116191961099,1000000,3058,1530,1528,12.039459634,3.463709762506742e-05,3.9e-05,3.4659590492181134e-05,3.4659590492181134e-05,3.4614604549550616e-05,88286843,44143626,44143217,b,two-stage_K350_p=0.001,40.0,60.0,0.0,29.639671423077274
0.4753486563557205,0.88289737,1.3089794106107386,15.787804121657528,1000000,3100,1549,1551,12.03892851,3.511166875488597e-05,3.9e-05,3.5088867824493596e-05,3.5088867824493596e-05,3.513446987793456e-05,88289737,44145055,44144682,b,two-stage_K350_p=0.001,40.0,55.0,0.0,29.1357120425342
0.4753667335507661,0.88293731,1.30891602861074,15.325895630408972,1000000,3156,1586,1570,12.038478986,3.574432708025443e-05,3.9e-05,3.5925354452549017e-05,3.5925354452549017e-05,3.556329783398903e-05,88293731,44147094,44146637,b,two-stage_K350_p=0.001,40.0,50.0,0.0,28.673290645292866
0.4753992759669027,0.88301053,1.30880205301074,14.680093729740312,1000000,3274,1645,1629,12.037614362000001,3.707770053432998e-05,4.1e-05,3.725867983414837e-05,3.725867983414837e-05,3.6896719107044135e-05,88301053,44150786,44150267,b,two-stage_K350_p=0.001,40.0,45.0,0.0,28.02651014503002
0.4754596268212481,0.88311947,1.3085905272107432,13.97777623328065,1000000,3435,1721,1714,12.036088856000001,3.889620959211781e-05,4.3e-05,3.897527943644781e-05,3.897527943644781e-05,3.881713895808775e-05,88311947,44156194,44155753,b,two-stage_K350_p=0.001,40.0,40.0,0.0,27.32245561676938
0.49380838358245144,0.91732845,1.2466957398115042,14.130519337733844,1000000,5611,2806,2805,11.588191066,6.116675003375291e-05,7e-05,6.117708238470884e-05,6.117708238470884e-05,6.115641749063947e-05,91732845,45866849,45865996,b,two-stage_K350_p=0.001,35.0,45.0,0.0,26.965406143804532
0.49384740214043343,0.91739269,1.2465689258115051,13.455066183830041,1000000,5769,2882,2887,11.587303615000001,6.288473914044377e-05,7.2e-05,6.2829666354633e-05,6.2829666354633e-05,6.293981292639435e-05,91739269,45870051,45869218,b,two-stage_K350_p=0.001,35.0,40.0,0.0,26.2889387248957
0.4938910614607915,0.91747117,1.2464272112115067,13.121169243635876,1000000,5993,2989,3004,11.58625288,6.532085362420706e-05,7.4e-05,6.515675780757908e-05,6.515675780757908e-05,6.548495247784902e-05,91747117,45873983,45873134,b,two-stage_K350_p=0.001,35.0,35.0,0.0,25.953849335095544
0.5053756811200742,0.93880355,1.209983882412029,13.148914987169327,1000000,9597,4785,4812,11.323566465,0.00010222585971260974,0.000106,0.00010193834321623973,0.00010193834321623973,0.00010251337573734216,93880355,46940139,46940216,b,two-stage_K350_p=0.001,30.0,40.0,0.0,25.682465334821956
0.5054009674385319,0.93884924,1.2099054898120294,12.8235000246511,1000000,9814,4891,4923,11.322970489,0.0001045322250034521,0.000108,0.0001041914976244296,0.0001041914976244296,0.00010487295162760137,93884924,46942410,46942514,b,two-stage_K350_p=0.001,30.0,35.0,0.0,25.356376003696464
0.5054351973951892,0.93891072,1.2097992582120307,12.464140966373426,1000000,10115,5037,5078,11.322239471000001,0.00010773122283660793,0.00011,0.00010729459230994501,0.00010729459230994501,0.00010816785299123947,93891072,46945516,46945556,b,two-stage_K350_p=0.001,30.0,30.0,0.0,24.996179695808333
0.5852878533455932,0.79821953,0.9926851114132628,12.27247266794732,1000000,25,17,8,11.38418296,3.131970474338056e-07,1e-06,4.26009397316236e-07,4.26009397316236e-07,2.0041721854470543e-07,79821953,39905223,39916730,b,complete_p=0.0005,67.0,,,24.649340739481246
0.5958112088771104,0.81271662,0.9688445316129862,12.054337717152983,1000000,27,19,8,11.182083966,3.322191196237626e-07,1e-06,4.6763569643433687e-07,4.6763569643433687e-07,1.9684194654638837e-07,81271662,40629918,40641744,b,complete_p=0.0005,65.0,,,24.20526621487702
0.6146595062931913,0.83840868,0.9281810758124037,11.685490098388458,1000000,31,22,9,10.839716005,3.697480803753129e-07,1e-06,5.248528187447271e-07,5.248528187447271e-07,2.1467235452996235e-07,83840868,41916513,41924355,b,complete_p=0.0005,60.0,,,23.453387179294193
0.633347119188961,0.86407914,0.8902533362117366,11.341811897024936,1000000,45,32,13,10.520253055,5.207856308161774e-07,1e-06,7.40723645799193e-07,7.40723645799193e-07,3.0087775066200625e-07,86407914,43200997,43206917,b,complete_p=0.0005,55.0,,,22.752318288310537
0.6742424548898086,0.91998553,0.8145909004099823,10.653602792077656,1000000,229,128,101,9.882060622000001,2.4891695850911915e-06,4e-06,2.782763139006389e-06,2.782763139006389e-06,2.195599384066983e-06,91998553,45997447,46001106,b,complete_p=0.0005,50.0,,,21.350254314514046
0.6985532961237277,0.95303705,0.7738087320087688,10.284657161570475,1000000,604,302,302,9.538961159000001,6.337633988101512e-06,1e-05,6.337915625343981e-06,6.337915625343981e-06,6.337352375888095e-06,95303705,47649735,47653970,b,complete_p=0.0005,45.0,,,20.59742705257465
0.706336402600448,0.96364363,0.7613463344083355,10.17116935625168,1000000,776,380,396,9.433762235,8.052769466239298e-06,1.3e-05,7.88693816773309e-06,7.88693816773309e-06,8.218592136488402e-06,96364363,48180928,48183435,b,complete_p=0.0005,40.0,,,20.366277925644752
0.7156362220705074,0.97647767,0.7468108592077933,10.038765283184302,1000000,1398,713,685,9.310947393000001,1.431676363884491e-05,1.6e-05,1.4603705810169358e-05,1.4603705810169358e-05,1.4029829219292437e-05,97647767,48823224,48824543,b,complete_p=0.0005,35.0,,,20.096523535363694
0.7241082425965363,0.98791192,0.7338942366072857,9.921082574966329,1000000,2874,1467,1407,9.201998475,2.9091662341719695e-05,2.6e-05,2.969927389830422e-05,2.969927389830422e-05,2.8484061831266046e-05,98791192,49395147,49396045,b,complete_p=0.0005,30.0,,,19.856975286533093
0.5958112088771104,0.81271662,0.9688445316129862,12.054337717152983,1000000,27,19,8,11.182083966,3.322191196237626e-07,1e-06,4.6763569643433687e-07,4.6763569643433687e-07,1.9684194654638837e-07,81271662,40629918,40641744,b,two-stage_K100_p=0.0005,65.0,78,0.0,24.20526621487702
0.6146595062931913,0.83840868,0.9281810758124037,11.685490098388458,1000000,31,22,9,10.839716005,3.697480803753129e-07,1e-06,5.248528187447271e-07,5.248528187447271e-07,2.1467235452996235e-07,83840868,41916513,41924355,b,two-stage_K100_p=0.0005,60.0,78,0.0,23.453387179294193
0.633347119188961,0.86407914,0.8902533362117366,11.341811897024936,1000000,45,32,13,10.520253055,5.207856308161774e-07,1e-06,7.40723645799193e-07,7.40723645799193e-07,3.0087775066200625e-07,86407914,43200997,43206917,b,two-stage_K100_p=0.0005,55.0,78,0.0,22.752318288310537
0.6742424548898086,0.91998553,0.8145909004099823,10.653602792077656,1000000,229,128,101,9.882060622000001,2.4891695850911915e-06,4e-06,2.782763139006389e-06,2.782763139006389e-06,2.195599384066983e-06,91998553,45997447,46001106,b,two-stage_K100_p=0.0005,50.0,78,0.0,21.350254314514046
0.6154471069370121,0.83950752,0.9265364990123754,7.05714625930246,1000000,276,157,119,10.825634731000001,3.287641783125421e-06,1e-06,3.7406176612714887e-06,3.7406176612714887e-06,2.834745711637184e-06,83950752,41971678,41979074,b,two-stage_K100_p=0.0005,60.0,77,0.0,18.809317489452344
0.6338649981649608,0.86477505,0.8892342102117162,6.853151628929683,1000000,290,167,123,10.511668246,3.3534732529575175e-06,1e-06,3.862529387314718e-06,3.862529387314718e-06,2.8444838797317066e-06,86477505,43235917,43241588,b,two-stage_K100_p=0.0005,55.0,77,0.0,18.254054085272774
0.6341640671224615,0.86521332,0.8886465946117046,6.07728674486731,1000000,423,228,195,10.506627084,4.88896772879086e-06,3e-06,5.270729519129847e-06,5.270729519129847e-06,4.5072570652583565e-06,86521332,43257769,43263563,b,two-stage_K100_p=0.0005,55.0,67.0,0.0,17.47256042364293
0.6745267014767413,0.92037739,0.8140970854099692,6.440523001820504,1000000,473,263,210,9.877936582,5.139196216021778e-06,4e-06,5.715267461261243e-06,5.715267461261243e-06,4.563169421028324e-06,92037739,46017094,46020645,b,two-stage_K100_p=0.0005,50.0,77,0.0,17.132556669345703
0.6747183051076175,0.92064203,0.8137644200099589,5.713201116471962,1000000,605,323,282,9.875169657,6.571500977421159e-06,6e-06,7.017121559356484e-06,7.017121559356484e-06,6.125915854289487e-06,92064203,46030270,46033933,b,two-stage_K100_p=0.0005,50.0,67.0,0.0,16.402135193623664
0.6748280369454853,0.92078182,0.8135739966099549,5.442267534096195,1000000,670,346,324,9.873581471,7.276425157916346e-06,7e-06,7.5156512895065584e-06,7.5156512895065584e-06,7.037218043487879e-06,92078182,46037261,46040921,b,two-stage_K100_p=0.0005,50.0,60.0,0.0,16.12942300185375
0.6749223164413776,0.92089913,0.8134104648099514,5.256716979150566,1000000,764,395,369,9.872180164,8.296239784698245e-06,7e-06,8.578910436240202e-06,8.578910436240202e-06,8.013591398484628e-06,92089913,46043143,46046770,b,two-stage_K100_p=0.0005,50.0,55.0,0.0,15.942307608110525
0.6751200701044681,0.92116085,0.8130675132099435,4.839460763145368,1000000,963,490,473,9.869313651,1.0454200262635998e-05,9e-06,1.0639152977514607e-05,1.0639152977514607e-05,1.0269261557809636e-05,92116085,46056298,46059787,b,two-stage_K100_p=0.0005,50.0,50.0,0.0,15.521841927505507
0.7066109103551003,0.96400711,0.760911614408317,5.020849621757434,1000000,1310,647,663,9.430219129,1.3589111391512455e-05,1.5e-05,1.3423491338061708e-05,1.3423491338061708e-05,1.3754722714125867e-05,96400711,48199085,48201626,b,two-stage_K100_p=0.0005,40.0,55.0,0.0,15.211980365294538
0.6990821750124262,0.95374977,0.7729530778087413,4.673438637094731,1000000,1338,664,674,9.531730427000001,1.4028836934870244e-05,1.4e-05,1.3924551328517536e-05,1.3924551328517536e-05,1.4133114098118914e-05,95374977,47685558,47689419,b,two-stage_K100_p=0.0005,45.0,50.0,0.0,14.978122142036392
0.7066823173243877,0.96411458,0.7607986262083133,4.623129508004366,1000000,1508,742,766,9.429262116,1.5641294419590668e-05,1.7e-05,1.53927461248243e-05,1.53927461248243e-05,1.5889830288729832e-05,96411458,48204524,48206934,b,two-stage_K100_p=0.0005,40.0,50.0,0.0,14.813190250339797
0.7067767165132726,0.96422934,0.7606493476083075,4.38334965186868,1000000,1741,857,884,9.428002919,1.8055870401122622e-05,2.1e-05,1.7776243024017303e-05,1.7776243024017303e-05,1.8335485540457727e-05,96422934,48210412,48212522,b,two-stage_K100_p=0.0005,40.0,45.0,0.0,14.57200191859867
0.7068721402603976,0.96434223,0.7604984242083029,4.137163746921173,1000000,1998,970,1028,9.426743276,2.071878569499129e-05,2.4e-05,2.0117756904948224e-05,2.0117756904948224e-05,2.131978954298335e-05,96434223,48216111,48218112,b,two-stage_K100_p=0.0005,40.0,40.0,0.0,14.32440544725756
0.7159938710924635,0.97695662,0.7462593440077748,4.084404837671725,1000000,2611,1299,1312,9.306327371,2.6725854009771692e-05,2.7e-05,2.659305447148085e-05,2.659305447148085e-05,2.6858650883824644e-05,97695662,48847341,48848321,b,two-stage_K100_p=0.0005,35.0,40.0,0.0,14.136991552805627
0.7242844612735962,0.98814652,0.733628770207276,4.03748755496223,1000000,4064,2046,2018,9.199781375,4.112750404666709e-05,3.7e-05,4.141114194097989e-05,4.141114194097989e-05,4.0843869975705586e-05,98814652,49406993,49407659,b,two-stage_K100_p=0.0005,30.0,40.0,0.0,13.970897700293825
0.724369454499095,0.98823947,0.7335006314072686,3.77042167981993,1000000,4548,2278,2270,9.198768840000001,4.602123410432089e-05,4.2e-05,4.610253462749638e-05,4.610253462749638e-05,4.5939934810220614e-05,98823947,49411600,49412347,b,two-stage_K100_p=0.0005,30.0,30.0,0.0,13.702691151368558
