d1,K_Q,detectors,total,contracted_vertices,complete_vertices,S,p_equal,p_above,p_below,p_equal_contracted,mb_us,shots
3,250,336,1027,393,1084,1.1783173265217792,0.73408,0.006335,0.259585,0.732375,7.272984,200000
3,350,528,1027,585,1084,1.328947356336363,0.793975,0.0025,0.203525,0.793195,10.513403999999998,200000
3,450,664,1027,721,1084,1.3893474140541302,0.819755,0.00131,0.178935,0.820015,,200000
3,600,851,1027,908,1084,1.0683071363455774,0.825985,0.00071,0.173305,0.82648,16.06617,200000
3,800,1007,1027,1064,1084,0.062162275230100844,1.0,0.0,0.0,1.0,,200000
5,250,391,1584,864,2057,1.8527399164633254,0.336985,0.05173,0.611285,0.3552,,200000
5,350,593,1584,1066,2057,2.0904010925565273,0.344725,0.02443,0.630845,0.34743,,200000
5,450,724,1584,1197,2057,2.3603375935257205,0.440145,0.01369,0.546165,0.435705,14.616608,200000
5,550,901,1584,1374,2057,2.5156043000227926,0.458245,0.008735,0.53302,0.452465,,200000
5,700,1216,1584,1689,2057,1.3962290079553785,0.74239,0.004035,0.253575,0.72609,,200000
