board,bundle,role,status,D_IN,D_OUT,H,HAS_PS,K,M,N,NCHILD,NDT,NPS,RAW_OUT,T,bram,crit_end,crit_start,dsp,ff,fmax_mhz,lut,lut_logic,lut_mem,period_ns,wns_ns
8,d3d13,leaf,met,0,10,3,0,10,6,4,0,8,0,11,8,0.5,u_cb/u_dcb/g_construct.ms/fmem_reg[2][2]/CE,u_cb/u_dcb/g_construct.ms/count_reg[5][0]/C,0,371,566.89,371,371,0,2,0.236
1000,d3d13,router,ok,100,101,2,0,1,34,2,16,8,0,19,8,0,u_cb/u_dcb/g_out.g_nonroot.osync/fmem_reg[26][2]/CE,u_cb/u_dcb/g_out.g_nonroot.osync/pc_reg[2]_replica/C,0,1559,468.38,1491,1491,0,2,-0.135
1001,d3d13,router,ok,107,110,3,0,3,43,3,16,8,0,22,8,0,u_cb/u_dcb/g_out.g_nonroot.osync/fmem_reg[60][3]/CE,u_cb/u_dcb/g_out.g_nonroot.osync/count_reg[58][0]/C,0,1845,432.15,1786,1786,0,2,-0.314
2000,d3d13,root,ok,211,217,3,1,6,41,4,2,8,0,0,8,0,u_cb/u_dcb/g_out.g_root.rosync/os/mem_reg[57][1]/CE,u_cb/u_dcb/g_out.g_root.rosync/os/count_reg[134][2]/C,0,4785,385.51,6524,6524,0,2,-0.594
9,d3d15,leaf,met,0,14,3,0,14,8,4,0,8,0,9,8,0.5,u_cb/u_dcb/g_out.g_nonroot.osync/fmem_reg[3][3]/CE,u_cb/u_dcb/g_out.g_nonroot.osync/pc_reg[2]/C,0,504,603.5,565,565,0,2,0.343
1000,d3d15,router,ok,135,136,2,0,1,39,2,19,8,0,21,8,0,u_cb/u_dcb/g_out.g_nonroot.osync/fmem_reg[57][2]/CE,u_cb/u_dcb/g_out.g_nonroot.osync/count_reg[30][2]/C,0,2138,437.64,2040,2040,0,2,-0.285
1001,d3d15,router,ok,136,137,2,0,1,42,2,19,8,0,24,8,0,u_cb/u_dcb/g_out.g_nonroot.osync/fmem_reg[100][1]/CE,u_cb/u_dcb/g_out.g_nonroot.osync/pc_reg[2]_replica_11/C,0,2176,427.9,2061,2061,0,2,-0.337
2000,d3d15,root,ok,273,279,3,1,6,45,4,2,8,0,0,8,0,u_cb/u_dcb/g_out.g_root.rosync/os/mem_reg[9][3]/CE,u_cb/u_dcb/g_out.g_root.rosync/os/pc_reg[0]_rep__6_replica_2/C,0,6333,368.19,9037,9037,0,2,-0.716
16,d3d17,leaf,met,0,10,3,0,10,6,4,0,8,0,9,8,0.5,u_cb/u_dcb/g_out.g_nonroot.osync/fmem_reg[3][1]/CE,u_cb/u_dcb/g_out.g_nonroot.osync/count_reg[5][1]/C,0,367,591.02,372,372,0,2,0.308
1000,d3d17,router,ok,88,89,2,0,1,23,2,16,8,0,8,8,0,u_cb/u_dcb/g_out.g_nonroot.osync/fmem_reg[12][2]/CE,u_cb/u_dcb/g_out.g_nonroot.osync/count_reg[0][2]/C,0,1341,452.28,1269,1269,0,2,-0.211
1001,d3d17,router,ok,94,97,3,0,3,28,3,16,8,0,9,8,0,u_cb/u_dcb/g_out.g_nonroot.osync/fmem_reg[67][0]/CE,u_cb/u_dcb/g_out.g_nonroot.osync/pc_reg[2]_replica_2/C,0,1600,463.18,1583,1583,0,2,-0.159
1002,d3d17,router,ok,88,89,2,0,1,31,2,16,8,0,16,8,0,u_cb/u_dcb/g_out.g_nonroot.osync/fmem_reg[9][1]/CE,u_cb/u_dcb/g_out.g_nonroot.osync/pc_reg[0]/C,0,1333,481.7,1254,1254,0,2,-0.076
1003,d3d17,router,ok,89,90,2,0,1,33,2,16,8,0,18,8,0,u_cb/u_dcb/g_out.g_nonroot.osync/fmem_reg[45][2]/CE,u_cb/u_dcb/g_out.g_nonroot.osync/count_reg[6][0]/C,0,1351,456.62,1290,1290,0,2,-0.19
2000,d3d17,root,ok,365,371,3,1,6,51,4,4,8,0,0,8,0,u_cb/u_dcb/g_out.g_root.rosync/os/fmem_reg[345][2]/CE,u_cb/u_dcb/g_out.g_root.rosync/os/count_reg[133][1]/C,0,8051,338.87,11624,11624,0,2,-0.951
8,d5d13,leaf,met,0,13,3,0,13,8,4,0,16,0,15,15,0.5,u_cb/u_dcb/g_construct.ms/fmem_reg[2][3]/CE,u_cb/u_dcb/g_construct.ms/pc_reg[1]/C,0,498,584.11,518,518,0,2,0.288
1000,d5d13,router,ok,115,148,3,1,33,73,11,16,16,0,2,15,0,u_cb/u_dcb/g_out.g_nonroot.osync/fmem_reg[70][2]/CE,u_cb/u_dcb/g_out.g_nonroot.osync/pc_reg[3]/C,0,3133,420.17,3299,3299,0,2,-0.38
1001,d5d13,router,ok,104,105,2,0,1,40,2,16,16,0,25,15,0,u_cb/u_dcb/g_out.g_nonroot.osync/fmem_reg[26][0]/CE,u_cb/u_dcb/g_out.g_nonroot.osync/pc_reg[1]_replica/C,0,1624,448.63,1576,1576,0,2,-0.229
2000,d5d13,root,ok,253,254,2,1,1,27,2,2,16,2,0,15,0,u_cb/u_dcb/g_out.g_root.rosync/os/mem_reg[230][1]/CE,u_cb/u_dcb/g_out.g_root.rosync/os/pc_reg[1]_rep__0/C,0,4274,364.96,5449,5449,0,2,-0.74
11,d5d15,leaf,met,0,18,3,0,18,10,4,0,16,0,19,15,0.5,u_cb/u_dcb/g_out.g_nonroot.osync/out_finish_reg/D,u_cb/u_dcb/g_out.g_nonroot.osync/pc_reg[0]/C,0,658,583.09,846,846,0,2,0.285
1000,d5d15,router,ok,149,183,3,1,34,82,11,23,16,0,2,15,0,u_cb/u_dcb/g_out.g_nonroot.osync/fmem_reg[92][2]/CE,u_cb/u_dcb/g_out.g_nonroot.osync/pc_reg[0]/C,0,3667,404.04,3888,3888,0,2,-0.475
1001,d5d15,router,ok,140,141,2,0,1,52,2,24,16,0,29,15,0,u_cb/u_dcb/g_out.g_nonroot.osync/fmem_reg[120][1]/CE,u_cb/u_dcb/g_out.g_nonroot.osync/count_reg[55][0]/C,0,2135,444.05,2034,2034,0,2,-0.252
2000,d5d15,root,ok,324,325,2,1,1,31,2,2,16,2,0,15,0,u_cb/u_dcb/g_out.g_root.rosync/os/fmem_reg[210][1]/CE,u_cb/u_dcb/g_out.g_root.rosync/os/pc_reg[3]_rep__1_replica_4/C,0,5323,352.61,8154,8154,0,2,-0.836
3,d5d17,leaf,met,0,5,3,0,5,6,3,0,16,0,5,15,0.5,u_cb/u_dcb/g_construct.ms/count_reg[4][2]/CE,u_cb/u_dcb/g_construct.ms/count_reg[4][1]/C,0,240,629.33,290,290,0,2,0.411
16,d5d17,leaf,met,0,11,2,0,11,7,4,0,16,0,13,15,0.5,u_cb/u_dcb/g_construct.ms/mem_reg[6][3]/CE,u_cb/u_dcb/g_construct.ms/pc_reg[2]/C,0,428,571.1,442,442,0,2,0.249
17,d5d17,leaf,met,0,12,3,0,12,5,4,0,16,0,11,15,0.5,u_cb/u_dcb/g_out.g_nonroot.osync/fmem_reg[8][0]/CE,u_cb/u_dcb/g_out.g_nonroot.osync/count_reg[8][0]/C,0,415,617.28,447,447,0,2,0.38
39,d5d17,leaf,met,0,7,3,0,7,6,2,0,16,0,3,15,0.5,mem_q_reg/ENARDEN,u_cb/g_mmio.g_core[0].u_mmio/u_decode/wcnt_reg[4]/C,0,278,619.96,372,372,0,2,0.387
1000,d5d17,router,ok,85,86,2,0,1,29,2,16,16,0,14,15,0,u_cb/u_dcb/g_out.g_nonroot.osync/fmem_reg[82][2]/CE,u_cb/u_dcb/g_out.g_nonroot.osync/pc_reg[3]_replica_1/C,0,1295,478.01,1227,1227,0,2,-0.092
1001,d5d17,router,ok,108,121,3,0,13,62,11,16,16,0,23,15,0,u_cb/u_dcb/g_out.g_nonroot.osync/mem_reg[97][0]/CE,u_cb/u_dcb/g_out.g_nonroot.osync/count_reg[40][2]/C,0,2413,434.22,2576,2576,0,2,-0.303
1002,d5d17,router,met,90,91,2,0,1,31,2,16,16,0,16,15,0,u_cb/u_dcb/g_out.g_nonroot.osync/out_finish_reg/D,u_cb/u_dcb/g_out.g_nonroot.osync/pc_reg[1]/C,0,1369,504.8,1304,1304,0,2,0.019
1003,d5d17,router,ok,90,91,2,0,1,33,2,16,16,0,18,15,0,u_cb/u_dcb/g_out.g_nonroot.osync/mem_reg[70][3]/CE,u_cb/u_dcb/g_out.g_nonroot.osync/pc_reg[1]/C,0,1369,465.55,1291,1291,0,2,-0.148
2000,d5d17,root,ok,389,408,3,1,19,71,4,4,16,0,0,15,0,u_cb/u_dcb/g_out.g_root.rosync/os/fmem_reg[111][2]/CE,u_cb/u_dcb/g_out.g_root.rosync/os/pc_reg[3]_rep_replica_11/C,0,6922,330.58,10294,10294,0,2,-1.025
